customer_id,customer_name,email,loyalty_points
1,Barbara Walters,barbarawalters@gmail.com,963
2,Anthony Reed,anthonyreed@yahoo.com,685
3,Kelly Webb,kellywebb@hotmail.com,804
4,Erik Blair,erikblair@yahoo.com,618
5,Natalie Cervantes,nataliecervantes@gmail.com,663
6,Mark Wilson,markwilson@yahoo.com,5
7,Dennis Floyd,dennisfloyd@gmail.com,187
8,Annette Wilson,annettewilson@gmail.com,415
9,Alexander Choi,,700
10,Theresa Goodman,theresagoodman@hotmail.com,944
11,Matthew Rodgers,matthewrodgers@hotmail.com,498
12,Michael Gray,,196
13,Brittany Peterson,brittanypeterson@yahoo.com,537
14,Roger Herrera,rogerherrera@yahoo.com,818
15,Steve Hernandez,,19
16,Michael Golden,michaelgolden@outlook.com,418
17,Cynthia Powell,cynthiapowell@outlook.com,372
18,Kimberly House,kimberlyhouse@gmail.com,615
19,Judith Watts,judithwatts@hotmail.com,932
20,Patricia Lewis,patricialewis@gmail.com,688
21,Alyssa Mccarthy,alyssamccarthy@yahoo.com,461
22,James Johnston,jamesjohnston@hotmail.com,164
23,Jason Bennett PhD,jasonbennettphd@outlook.com,784
24,Jose Galloway,josegalloway@hotmail.com,892
25,Whitney Freeman,whitneyfreeman@yahoo.com,478
26,Matthew Henson,matthewhenson@hotmail.com,606
27,Allison Martinez,,543
28,George Porter,georgeporter@yahoo.com,140
29,Debbie Wilson,debbiewilson@outlook.com,898
30,Anne Hunt,annehunt@outlook.com,194
31,Charles Garcia,charlesgarcia@yahoo.com,462
32,Alison Gibson,alisongibson@outlook.com,577
33,Terri Long,terrilong@gmail.com,957
34,Stephanie Ford,stephanieford@hotmail.com,735
35,Nathaniel Stark,nathanielstark@hotmail.com,997
36,Amanda Lawrence,amandalawrence@hotmail.com,38
37,Whitney Steele,whitneysteele@gmail.com,613
38,Joseph Lee,,272
39,Susan Schultz,susanschultz@yahoo.com,496
40,Elizabeth Cox,elizabethcox@outlook.com,238
41,Danielle Collins,daniellecollins@hotmail.com,419
42,Garrett Miller,garrettmiller@gmail.com,888
43,Joseph Sherman,josephsherman@yahoo.com,957
44,Victor Scott,victorscott@yahoo.com,444
45,Brandy Goodwin,brandygoodwin@yahoo.com,32
46,Michelle Harrell,michelleharrell@yahoo.com,275
47,Amy Hatfield,amyhatfield@gmail.com,424
48,Kyle Gutierrez,kylegutierrez@yahoo.com,149
49,Hailey Brewer,haileybrewer@yahoo.com,750
50,Judy Matthews,judymatthews@gmail.com,386
51,Kathryn Freeman,,444
52,Kathleen Butler,kathleenbutler@gmail.com,426
53,Derrick Henson,derrickhenson@yahoo.com,469
54,Dennis Moore,dennismoore@yahoo.com,907
55,Jennifer Ortiz,jenniferortiz@yahoo.com,915
56,Todd Rubio,toddrubio@hotmail.com,810
57,Michaela Weber,michaelaweber@hotmail.com,326
58,Robert Mitchell,robertmitchell@gmail.com,406
59,Jacob Dorsey,jacobdorsey@gmail.com,531
60,Wesley Boyd,wesleyboyd@hotmail.com,691
61,Aaron Decker,aarondecker@hotmail.com,168
62,Jacqueline Miller,jacquelinemiller@hotmail.com,741
63,Sarah Lee,sarahlee@outlook.com,409
64,Jamie Weaver,jamieweaver@outlook.com,312
65,Brandon Valdez,brandonvaldez@gmail.com,669
66,Corey Neal,coreyneal@outlook.com,892
67,Jasmine Morris,jasminemorris@hotmail.com,798
68,Michelle Perez,michelleperez@hotmail.com,613
69,Marcus Stephenson,marcusstephenson@hotmail.com,69
70,Anthony Livingston,anthonylivingston@yahoo.com,458
71,Keith Smith,keithsmith@gmail.com,501
72,David Leonard,davidleonard@yahoo.com,254
73,Matthew Bates,matthewbates@hotmail.com,280
74,Adrian Cain,adriancain@outlook.com,516
75,David Weaver,davidweaver@gmail.com,657
76,Sean Chung,seanchung@yahoo.com,371
77,Heather Miller,heathermiller@hotmail.com,172
78,April Fry,aprilfry@outlook.com,393
79,James Phelps,jamesphelps@outlook.com,40
80,Joshua Andersen,joshuaandersen@outlook.com,428
81,Kevin Pacheco,kevinpacheco@yahoo.com,326
82,Sarah Black,sarahblack@outlook.com,147
83,Jesse Cook Jr.,jessecookjr.@hotmail.com,757
84,Jessica Shelton,jessicashelton@gmail.com,520
85,Marisa Flores,marisaflores@hotmail.com,891
86,Heather Ramirez,heatherramirez@gmail.com,949
87,Tom Benitez II,tombenitezii@gmail.com,105
88,Scott Solis,scottsolis@gmail.com,438
89,Latoya Howard,latoyahoward@outlook.com,532
90,Tyler Spencer,tylerspencer@outlook.com,549
91,Olivia Tucker,oliviatucker@outlook.com,357
92,Jorge Campbell,jorgecampbell@outlook.com,735
93,Christine Martinez,christinemartinez@outlook.com,391
94,Zachary Hernandez,zacharyhernandez@hotmail.com,354
95,Anne Hall,,221
96,Karen Crawford,karencrawford@hotmail.com,492
97,Craig Cunningham,,998
98,Desiree Oconnor,desireeoconnor@gmail.com,661
99,Dawn Matthews,dawnmatthews@gmail.com,181
100,Paige Burton,paigeburton@outlook.com,176
101,Amanda Wise,amandawise@gmail.com,187
102,Crystal Owens,crystalowens@outlook.com,775
103,Victoria Smith,victoriasmith@outlook.com,68
104,Nathan Ruiz,nathanruiz@hotmail.com,962
105,Alyssa Wright,alyssawright@hotmail.com,285
106,Linda Hill DVM,lindahilldvm@gmail.com,707
107,Alexander Armstrong,alexanderarmstrong@gmail.com,924
108,Hannah Mills,hannahmills@gmail.com,997
109,Emily Graham,emilygraham@gmail.com,454
110,Joseph Patterson,josephpatterson@gmail.com,283
111,Ethan Nash,ethannash@hotmail.com,798
112,Jason Bowers,jasonbowers@outlook.com,734
113,Dana Miller,danamiller@gmail.com,376
114,Samantha Watson,samanthawatson@outlook.com,878
115,Charles Jones,charlesjones@yahoo.com,601
116,Sherry Pitts,sherrypitts@gmail.com,348
117,Gabriella Barrett,gabriellabarrett@gmail.com,211
118,Timothy Harris,,45
119,Mr. Adrian Johnson DDS,mr.adrianjohnsondds@outlook.com,445
120,Tammy Rogers,tammyrogers@yahoo.com,775
121,Steven Gomez,stevengomez@hotmail.com,17
122,Kendra Garrett,kendragarrett@outlook.com,216
123,Kimberly Long,,895
124,Mckenzie Humphrey,mckenziehumphrey@outlook.com,267
125,Samuel Perez,samuelperez@hotmail.com,140
126,Allison Mcdonald,allisonmcdonald@yahoo.com,437
127,David Brown,davidbrown@hotmail.com,446
128,Danielle Griffin,daniellegriffin@gmail.com,114
129,Calvin Durham,calvindurham@hotmail.com,180
130,Cindy Barnes,cindybarnes@outlook.com,260
131,Alfred Riley,,9
132,Megan Bennett,meganbennett@hotmail.com,413
133,Sarah Richard,sarahrichard@outlook.com,15
134,Sheila Reyes,sheilareyes@hotmail.com,457
135,Oscar Gomez,oscargomez@hotmail.com,366
136,Felicia Baker,feliciabaker@outlook.com,670
137,David Davis,daviddavis@hotmail.com,661
138,David Foster,davidfoster@outlook.com,771
139,Jose Brown,josebrown@yahoo.com,688
140,Brooke Welch,brookewelch@yahoo.com,667
141,Ruth Hernandez,ruthhernandez@hotmail.com,722
142,Elizabeth Miller,elizabethmiller@outlook.com,944
143,Helen Nguyen,helennguyen@gmail.com,489
144,Cheryl Phillips,cherylphillips@hotmail.com,291
145,Willie West,williewest@hotmail.com,37
146,Lee Sexton,leesexton@yahoo.com,261
147,Ronnie Warren,ronniewarren@outlook.com,824
148,Courtney Bernard,courtneybernard@hotmail.com,958
149,Luis Allen,luisallen@outlook.com,999
150,Joel Cooper,joelcooper@yahoo.com,343
151,Courtney Martin,courtneymartin@hotmail.com,694
152,Jonathan Sharp,jonathansharp@outlook.com,880
153,Joy Adams,joyadams@yahoo.com,942
154,Lisa Maxwell,lisamaxwell@yahoo.com,446
155,Michael Archer,michaelarcher@gmail.com,212
156,Hannah Chavez,hannahchavez@yahoo.com,127
157,William Lewis,williamlewis@outlook.com,924
158,Brianna Maxwell,briannamaxwell@yahoo.com,407
159,Lee Morris,leemorris@outlook.com,556
160,Kathryn Sanchez,kathrynsanchez@outlook.com,7
161,Jennifer Delgado,jenniferdelgado@gmail.com,264
162,Grace Smith,gracesmith@outlook.com,329
163,Nathaniel Wright,nathanielwright@gmail.com,117
164,David Wilkins,davidwilkins@outlook.com,104
165,Denise Stewart,denisestewart@yahoo.com,430
166,Justin Smith,justinsmith@yahoo.com,624
167,Daniel Meyers,danielmeyers@outlook.com,986
168,Victoria Johnson,victoriajohnson@yahoo.com,133
169,Michael Mcintyre,michaelmcintyre@gmail.com,734
170,Jenna Esparza,jennaesparza@hotmail.com,295
171,Shannon Clay,shannonclay@yahoo.com,340
172,Katie Mclaughlin,katiemclaughlin@outlook.com,390
173,Anthony Horn,anthonyhorn@outlook.com,991
174,Michael Burgess,michaelburgess@outlook.com,39
175,Amanda Butler,amandabutler@hotmail.com,564
176,James Bailey,jamesbailey@hotmail.com,258
177,John Wong,johnwong@outlook.com,755
178,Rachel Weiss,rachelweiss@hotmail.com,842
179,Daniel Newton,,762
180,Tiffany Thomas,tiffanythomas@gmail.com,334
181,John Guzman,johnguzman@outlook.com,346
182,Keith Reynolds,keithreynolds@gmail.com,533
183,Stephanie Torres,stephanietorres@yahoo.com,61
184,Alexis Carter,alexiscarter@outlook.com,8
185,Timothy Green,timothygreen@gmail.com,19
186,Brittany Huber,,581
187,Daniel Mclean,danielmclean@outlook.com,149
188,Susan Barber,susanbarber@yahoo.com,43
189,Elaine Wallace,elainewallace@yahoo.com,256
190,Kayla Barr,kaylabarr@gmail.com,917
191,Dr. Donna Moran,dr.donnamoran@outlook.com,950
192,Steven Robinson,stevenrobinson@hotmail.com,890
193,Amanda Ochoa,amandaochoa@yahoo.com,362
194,Brandy Serrano,brandyserrano@yahoo.com,214
195,Denise Robinson,deniserobinson@hotmail.com,569
196,Donald Leon,donaldleon@outlook.com,622
197,Amy Combs,amycombs@outlook.com,409
198,Sean Johnson,seanjohnson@outlook.com,232
199,Jacqueline Chase,jacquelinechase@outlook.com,588
200,James Butler,jamesbutler@outlook.com,182
201,Jennifer Hudson,jenniferhudson@outlook.com,997
202,Julie Hampton,juliehampton@outlook.com,401
203,Laura Bryan PhD,laurabryanphd@gmail.com,403
204,Nicole Hess,nicolehess@outlook.com,982
205,John Williams,johnwilliams@outlook.com,633
206,Lisa Wilkerson,lisawilkerson@gmail.com,57
207,Karen Barr,,528
208,Leslie Stanley,lesliestanley@outlook.com,765
209,Reginald Willis,reginaldwillis@outlook.com,879
210,Cheryl West,cherylwest@outlook.com,120
211,Sara Cook,saracook@gmail.com,262
212,Melinda Crosby,melindacrosby@yahoo.com,663
213,Anthony Garcia,anthonygarcia@hotmail.com,706
214,Victor Rivera,victorrivera@gmail.com,84
215,Elizabeth Robinson,elizabethrobinson@yahoo.com,307
216,Tammy Peters,tammypeters@outlook.com,319
217,Justin Boone,justinboone@gmail.com,49
218,Tammy Ho,tammyho@yahoo.com,336
219,Sara Thomas,sarathomas@hotmail.com,439
220,Joshua Perez,joshuaperez@yahoo.com,181
221,Joshua Nichols,joshuanichols@gmail.com,19
222,Jeffrey Waters,jeffreywaters@outlook.com,692
223,Justin Saunders,justinsaunders@hotmail.com,205
224,Norma Nunez,normanunez@outlook.com,847
225,Roger Sullivan,rogersullivan@yahoo.com,99
226,Paul Roberts,paulroberts@yahoo.com,847
227,Brian James,brianjames@gmail.com,333
228,Maria Benson,mariabenson@yahoo.com,748
229,Jason Davis,jasondavis@gmail.com,938
230,Lisa Bond,lisabond@hotmail.com,257
231,Holly Edwards,hollyedwards@gmail.com,65
232,Cory Mccarthy,corymccarthy@yahoo.com,770
233,Richard Vega,richardvega@hotmail.com,108
234,Daniel Campbell,danielcampbell@hotmail.com,831
235,Andrew Dyer,andrewdyer@outlook.com,385
236,Katherine Davis MD,katherinedavismd@hotmail.com,460
237,Grant Cameron,grantcameron@yahoo.com,616
238,Clayton Barton,claytonbarton@hotmail.com,3
239,Rachel Moore,rachelmoore@outlook.com,570
240,Meghan Taylor,meghantaylor@outlook.com,213
241,Charles Ramirez,charlesramirez@hotmail.com,905
242,Paige Jones,paigejones@hotmail.com,58
243,Anthony Evans,anthonyevans@gmail.com,775
244,Steven Mendoza,stevenmendoza@gmail.com,122
245,Stacey Smith,,938
246,Gabrielle Mullins,gabriellemullins@outlook.com,995
247,Cassandra Lewis,cassandralewis@gmail.com,980
248,Daniel Jenkins,danieljenkins@yahoo.com,61
249,Steven Bowers,,478
250,Dustin Grimes,dustingrimes@outlook.com,10
251,Jaclyn Fowler,jaclynfowler@outlook.com,417
252,Brooke Lopez,brookelopez@hotmail.com,505
253,Kyle Wilson,kylewilson@gmail.com,135
254,Karen Harrison MD,karenharrisonmd@hotmail.com,303
255,William Klein,williamklein@outlook.com,759
256,Bruce Gross,brucegross@yahoo.com,733
257,Makayla Parker,makaylaparker@outlook.com,909
258,Micheal Hale,michealhale@gmail.com,422
259,Kimberly Allen,kimberlyallen@yahoo.com,989
260,Laurie Jacobs,lauriejacobs@hotmail.com,417
261,Joshua Sullivan,joshuasullivan@gmail.com,947
262,Ryan Hodges,ryanhodges@yahoo.com,832
263,Billy Evans,billyevans@yahoo.com,195
264,Michael Banks,michaelbanks@hotmail.com,186
265,Kelly Robinson,kellyrobinson@outlook.com,591
266,Caroline Allen,carolineallen@gmail.com,536
267,Henry Hanna,henryhanna@hotmail.com,826
268,Jodi Hurst,jodihurst@gmail.com,664
269,Jenna Moore,jennamoore@yahoo.com,676
270,Norman Escobar,normanescobar@hotmail.com,935
271,Anna Ramirez,annaramirez@gmail.com,488
272,Cody Rogers,codyrogers@outlook.com,332
273,Gregory Smith,gregorysmith@hotmail.com,58
274,Michelle Oliver,michelleoliver@outlook.com,313
275,Anthony Richardson DDS,anthonyrichardsondds@outlook.com,931
276,Russell Jackson,russelljackson@hotmail.com,91
277,Jamie Lawrence,jamielawrence@yahoo.com,135
278,Terri Green,terrigreen@hotmail.com,999
279,Eric Warner,,415
280,Tammy Sexton,tammysexton@yahoo.com,646
281,Pam Ruiz,pamruiz@gmail.com,135
282,Katherine Melton,katherinemelton@yahoo.com,593
283,Corey Barnes,coreybarnes@gmail.com,280
284,Bobby Newman,bobbynewman@hotmail.com,281
285,David Elliott,davidelliott@gmail.com,847
286,Ryan Romero,ryanromero@yahoo.com,518
287,Ryan Bishop,ryanbishop@gmail.com,894
288,Stephanie White,stephaniewhite@hotmail.com,766
289,Shawna Fowler,,379
290,Eric Stevenson,ericstevenson@yahoo.com,516
291,Michelle Mejia,michellemejia@outlook.com,633
292,Kimberly Nguyen,kimberlynguyen@yahoo.com,404
293,Benjamin Conley,benjaminconley@hotmail.com,4
294,Debra Vargas,debravargas@outlook.com,895
295,Kelsey Gould,kelseygould@yahoo.com,905
296,Christina Rivera,christinarivera@yahoo.com,776
297,Valerie Schroeder,valerieschroeder@yahoo.com,911
298,Justin Cochran,justincochran@yahoo.com,453
299,Shelby Little,shelbylittle@gmail.com,430
300,Michael Woodard,michaelwoodard@hotmail.com,694
301,Leslie Shields,leslieshields@yahoo.com,25
302,Laura Conley,lauraconley@hotmail.com,100
303,Melanie Jackson,melaniejackson@outlook.com,226
304,Victoria Houston,victoriahouston@gmail.com,216
305,Joshua Bates,joshuabates@yahoo.com,894
306,Jason Gonzales,jasongonzales@outlook.com,791
307,Lindsay Gilbert,lindsaygilbert@outlook.com,954
308,Melissa Mcguire,melissamcguire@yahoo.com,817
309,Marcus Garcia,marcusgarcia@hotmail.com,112
310,David Martin,davidmartin@outlook.com,556
311,Ashley Jensen,ashleyjensen@gmail.com,795
312,Robert White,robertwhite@gmail.com,554
313,Mary Williams DVM,marywilliamsdvm@gmail.com,424
314,Daniel Cardenas,danielcardenas@yahoo.com,234
315,Kathleen Miller,kathleenmiller@yahoo.com,319
316,Suzanne Montgomery,suzannemontgomery@outlook.com,370
317,Michael Hill,michaelhill@gmail.com,380
318,Robert West,robertwest@gmail.com,205
319,Scott Mckee,scottmckee@hotmail.com,497
320,Jessica Gates,jessicagates@hotmail.com,505
321,Felicia Frazier,feliciafrazier@yahoo.com,983
322,Elizabeth Morgan,,992
323,Kristen Buck,kristenbuck@gmail.com,3
324,Calvin Smith,,129
325,Tara Dawson,taradawson@gmail.com,912
326,John Jackson,johnjackson@hotmail.com,900
327,Jillian Rodriguez,jillianrodriguez@outlook.com,505
328,Joseph Price,josephprice@hotmail.com,965
329,James Martinez,jamesmartinez@hotmail.com,307
330,Susan Brown,susanbrown@yahoo.com,349
331,Natasha Anderson,natashaanderson@yahoo.com,712
332,Jay Jackson,jayjackson@hotmail.com,526
333,Kent Wilson,kentwilson@outlook.com,63
334,David Shaw,davidshaw@gmail.com,489
335,Alicia Fields,aliciafields@gmail.com,61
336,Diana Cummings,dianacummings@yahoo.com,7
337,Kelly Wheeler,kellywheeler@yahoo.com,813
338,Jeremy Cameron,jeremycameron@hotmail.com,339
339,Shane Miller,shanemiller@yahoo.com,766
340,James Garcia,jamesgarcia@gmail.com,568
341,Hunter Sanchez,huntersanchez@outlook.com,111
342,Jeffrey Adkins,jeffreyadkins@hotmail.com,284
343,Angela Morris,angelamorris@outlook.com,873
344,Diane Wang,dianewang@gmail.com,895
345,Jeremy Mcdonald,jeremymcdonald@hotmail.com,617
346,Kristina Khan,kristinakhan@yahoo.com,416
347,Kimberly George,kimberlygeorge@gmail.com,585
348,Veronica Morris,veronicamorris@yahoo.com,484
349,John Foster,johnfoster@hotmail.com,862
350,Kenneth Miller,kennethmiller@yahoo.com,312
351,Emily Wells,emilywells@yahoo.com,713
352,Elizabeth Crawford,elizabethcrawford@gmail.com,419
353,Erika Willis,erikawillis@hotmail.com,592
354,Laura Cruz,lauracruz@yahoo.com,98
355,Jose Weaver,joseweaver@yahoo.com,765
356,Christina Morales,christinamorales@outlook.com,568
357,Raymond Smith,raymondsmith@yahoo.com,765
358,Jesse Adams,jesseadams@yahoo.com,313
359,Heather Dennis,heatherdennis@yahoo.com,239
360,Ryan Stevenson,ryanstevenson@gmail.com,283
361,Richard Hill,richardhill@outlook.com,880
362,Tracey Gonzalez,traceygonzalez@outlook.com,13
363,Ashley Lee,ashleylee@hotmail.com,223
364,Miss Melanie Smith MD,missmelaniesmithmd@outlook.com,239
365,Cynthia Curtis,cynthiacurtis@yahoo.com,217
366,Sandra Barber,sandrabarber@hotmail.com,301
367,Andre Myers,andremyers@hotmail.com,434
368,Gregory Munoz,gregorymunoz@outlook.com,434
369,Kathleen Richards,kathleenrichards@hotmail.com,654
370,Stephanie Mejia,stephaniemejia@outlook.com,585
371,Paige Mccormick,paigemccormick@hotmail.com,779
372,Ronnie Murphy,ronniemurphy@outlook.com,711
373,Mrs. Kathleen Jefferson,mrs.kathleenjefferson@yahoo.com,517
374,William Watts,williamwatts@outlook.com,813
375,Destiny Oconnell,destinyoconnell@outlook.com,512
376,Amanda Shah,amandashah@yahoo.com,195
377,Mark Benson,markbenson@outlook.com,949
378,Andrea Mitchell,andreamitchell@gmail.com,696
379,Samantha Martin,samanthamartin@gmail.com,749
380,Anthony Berry,anthonyberry@yahoo.com,177
381,Terry Cruz,terrycruz@gmail.com,344
382,Michael Aguirre,michaelaguirre@gmail.com,795
383,Morgan Wright,morganwright@outlook.com,683
384,Mark Lawson,marklawson@yahoo.com,276
385,Tina Jones,tinajones@outlook.com,227
386,Samuel Bradshaw,samuelbradshaw@outlook.com,126
387,Selena Weaver,selenaweaver@gmail.com,569
388,Olivia Ruiz,oliviaruiz@gmail.com,800
389,Rebecca Cox,rebeccacox@hotmail.com,126
390,Beth Thompson,beththompson@outlook.com,352
391,Andrew Scott,andrewscott@outlook.com,822
392,Melissa Garcia,melissagarcia@yahoo.com,539
393,Jason Hudson,jasonhudson@yahoo.com,37
394,Emily Williams,emilywilliams@hotmail.com,786
395,Ricky Cantrell,rickycantrell@hotmail.com,954
396,Craig Juarez,craigjuarez@hotmail.com,637
397,Miguel Harris,miguelharris@outlook.com,913
398,Rebecca Davis,rebeccadavis@hotmail.com,342
399,Paul Hays,paulhays@hotmail.com,451
400,Crystal Perry,crystalperry@outlook.com,822
401,Sandra Hernandez,sandrahernandez@outlook.com,981
402,Leonard Cook,leonardcook@yahoo.com,111
403,Jeffrey Gordon,jeffreygordon@gmail.com,572
404,Andrew Keith,andrewkeith@gmail.com,887
405,Gina Simmons,ginasimmons@outlook.com,590
406,Sherri Adams,sherriadams@outlook.com,297
407,Sheila Beasley,sheilabeasley@hotmail.com,966
408,Jay Evans,jayevans@outlook.com,337
409,Jennifer Smith,jennifersmith@gmail.com,811
410,Dr. Kevin Ruiz PhD,dr.kevinruizphd@hotmail.com,542
411,Matthew Pham,matthewpham@outlook.com,306
412,Carrie Velazquez,carrievelazquez@outlook.com,220
413,Robert Smith,robertsmith@hotmail.com,377
414,Robert Woods,robertwoods@outlook.com,132
415,Joseph Morris,josephmorris@outlook.com,858
416,Kirsten Flores,kirstenflores@gmail.com,12
417,Brandon House,brandonhouse@hotmail.com,762
418,Jessica Martinez,jessicamartinez@yahoo.com,37
419,Travis Pierce,travispierce@gmail.com,272
420,Kurt Jones,kurtjones@hotmail.com,279
421,Michelle Curry,michellecurry@hotmail.com,710
422,Edwin Franklin,edwinfranklin@hotmail.com,224
423,Kimberly Graham,kimberlygraham@yahoo.com,414
424,Christopher Moore,christophermoore@gmail.com,221
425,Tammie Brown,tammiebrown@hotmail.com,639
426,Shannon Osborne,shannonosborne@hotmail.com,537
427,Traci Duarte,traciduarte@outlook.com,662
428,Dylan Fox,dylanfox@hotmail.com,823
429,Neil Jones,neiljones@hotmail.com,146
430,Benjamin Graves,benjamingraves@yahoo.com,583
431,Larry Wilson,larrywilson@gmail.com,870
432,Bobby Johnson,bobbyjohnson@hotmail.com,62
433,Michael Navarro,michaelnavarro@yahoo.com,801
434,Stephen Anderson,stephenanderson@gmail.com,449
435,Amanda Bryant,amandabryant@gmail.com,845
436,Tony Romero,tonyromero@hotmail.com,725
437,William Rogers,williamrogers@hotmail.com,383
438,Patrick Carlson,patrickcarlson@hotmail.com,767
439,Frank Burns PhD,frankburnsphd@outlook.com,9
440,Sharon Bond,sharonbond@yahoo.com,631
441,John Velasquez,johnvelasquez@yahoo.com,326
442,Jennifer Evans,jenniferevans@outlook.com,761
443,Dana Brown,danabrown@yahoo.com,555
444,Catherine Daniel,catherinedaniel@hotmail.com,27
445,Patrick Morris,patrickmorris@outlook.com,128
446,Samantha Strickland,samanthastrickland@gmail.com,208
447,Jesse Adams,jesseadams@yahoo.com,313
448,Christina Golden,christinagolden@outlook.com,832
449,Aaron Rice,aaronrice@gmail.com,218
450,Glenda Vang,,157
451,Brian Jordan,,662
452,Stacey Davis,staceydavis@yahoo.com,830
453,Kyle Davis,kyledavis@outlook.com,278
454,Terry Edwards,terryedwards@gmail.com,943
455,Colleen Wheeler,colleenwheeler@yahoo.com,708
456,Vickie Weiss,vickieweiss@gmail.com,758
457,Connor Morton,connormorton@gmail.com,475
458,Spencer James,spencerjames@outlook.com,67
459,Tracy Hill,tracyhill@gmail.com,201
460,Theresa Clements,theresaclements@outlook.com,99
461,Christopher Anderson,christopheranderson@hotmail.com,351
462,Joanne Bean,joannebean@gmail.com,572
463,Lauren Duran,laurenduran@hotmail.com,139
464,Donna Jones,donnajones@gmail.com,127
465,Connor Bryant,connorbryant@hotmail.com,673
466,Teresa Robinson,teresarobinson@gmail.com,568
467,Kelly Hernandez DVM,kellyhernandezdvm@outlook.com,543
468,Sean Carter,seancarter@hotmail.com,197
469,Daniel Wiley,danielwiley@gmail.com,874
470,Michael Shepherd,michaelshepherd@hotmail.com,324
471,Amanda Jackson,amandajackson@hotmail.com,580
472,Kevin Haley,kevinhaley@yahoo.com,808
473,Timothy Watson,timothywatson@yahoo.com,14
474,Kenneth Lee,kennethlee@hotmail.com,255
475,Brittany Schmidt,brittanyschmidt@outlook.com,790
476,Justin Bates,justinbates@yahoo.com,122
477,Heather Williams,heatherwilliams@hotmail.com,150
478,George Smith,,804
479,Thomas Campbell,thomascampbell@gmail.com,920
480,Cindy Reese,cindyreese@yahoo.com,906
481,Misty Hogan,mistyhogan@gmail.com,743
482,Troy Short,troyshort@gmail.com,674
483,Erika Foley,erikafoley@yahoo.com,676
484,Michael Knight,michaelknight@outlook.com,894
485,Peggy Moore,peggymoore@yahoo.com,254
486,Michael Dunn,michaeldunn@gmail.com,347
487,Kevin Houston,kevinhouston@gmail.com,618
488,John Walker,johnwalker@hotmail.com,989
489,Matthew Williamson,matthewwilliamson@gmail.com,902
490,Jason Walsh,jasonwalsh@hotmail.com,337
491,Craig Flores,craigflores@yahoo.com,69
492,Kristen Baker,kristenbaker@yahoo.com,987
493,Ann Barron,annbarron@outlook.com,490
494,Alex Pierce,alexpierce@hotmail.com,282
495,Sally Hall,sallyhall@hotmail.com,988
496,Laura Davis,lauradavis@outlook.com,703
497,Pamela Rodriguez,pamelarodriguez@outlook.com,957
498,Anthony Lee,anthonylee@outlook.com,585
499,William Henry,williamhenry@outlook.com,466
500,Jonathan White,jonathanwhite@outlook.com,768
501,Kelly Chen,kellychen@outlook.com,999
502,Yolanda Gibbs,yolandagibbs@outlook.com,698
503,Todd Mccall,toddmccall@yahoo.com,646
504,William Fox,williamfox@gmail.com,119
505,Jasmine Knight,jasmineknight@yahoo.com,419
506,Sean Thomas,seanthomas@gmail.com,602
507,Lisa Hancock MD,lisahancockmd@gmail.com,260
508,Nicholas Livingston,nicholaslivingston@hotmail.com,879
509,Stephanie Gutierrez,stephaniegutierrez@outlook.com,173
510,Jason Lewis,jasonlewis@hotmail.com,57
511,Thomas Burns,,693
512,Jerry Mayo,jerrymayo@outlook.com,355
513,Kaylee Nichols,kayleenichols@yahoo.com,153
514,Ashley Carlson,ashleycarlson@yahoo.com,376
515,Sara Johnson,sarajohnson@hotmail.com,465
516,Ashley Lewis,ashleylewis@outlook.com,503
517,Kirsten Turner,kirstenturner@outlook.com,180
518,Ryan James,ryanjames@hotmail.com,920
519,Cassandra Kemp,cassandrakemp@hotmail.com,72
520,Thomas Hamilton,thomashamilton@outlook.com,148
521,Maria Trevino,mariatrevino@outlook.com,236
522,Douglas Werner,douglaswerner@hotmail.com,506
523,Sean Orr,seanorr@yahoo.com,637
524,Peter Santos,petersantos@yahoo.com,30
525,Eric Lucas,ericlucas@gmail.com,35
526,Jason Gonzales,jasongonzales@gmail.com,154
527,Katherine Brown,katherinebrown@hotmail.com,675
528,Timothy Barnes,timothybarnes@yahoo.com,743
529,Kristen Russo,kristenrusso@outlook.com,611
530,Brendan Vaughn,brendanvaughn@yahoo.com,86
531,James Chaney,jameschaney@yahoo.com,4
532,Chelsea Martin,chelseamartin@hotmail.com,53
533,Chelsea Peterson,chelseapeterson@yahoo.com,192
534,Victoria Kaiser,victoriakaiser@hotmail.com,867
535,Alexandra Williams,alexandrawilliams@outlook.com,507
536,Michael Obrien,michaelobrien@gmail.com,442
537,Michael Johns,michaeljohns@yahoo.com,997
538,Jeffery Mejia,jefferymejia@outlook.com,815
539,Michelle Oneal,michelleoneal@yahoo.com,197
540,Andrea Daniel,,785
541,Howard Stewart,howardstewart@hotmail.com,447
542,Charles Ruiz,charlesruiz@gmail.com,49
543,Jack Wood,jackwood@outlook.com,35
544,Jason Porter,jasonporter@hotmail.com,277
545,Allen Sharp DVM,allensharpdvm@yahoo.com,118
546,Laura Mcconnell,lauramcconnell@hotmail.com,567
547,Ryan Harrell,ryanharrell@outlook.com,613
548,Barbara Johnson,barbarajohnson@yahoo.com,673
549,Justin Farrell,justinfarrell@outlook.com,173
550,Rachel Bennett,rachelbennett@hotmail.com,475
551,Susan Brown,,539
552,Aaron Abbott,aaronabbott@gmail.com,274
553,Denise Blevins,deniseblevins@gmail.com,393
554,Douglas Ramos,douglasramos@gmail.com,344
555,Harry Harris,harryharris@hotmail.com,249
556,Christopher Adams,christopheradams@outlook.com,480
557,Claudia Peters,,45
558,Joshua Gray III,joshuagrayiii@outlook.com,370
559,Amy Mendez,amymendez@outlook.com,697
560,Lauren Chandler,laurenchandler@yahoo.com,945
561,Mitchell Lyons,mitchelllyons@outlook.com,951
562,Ronnie Miller,ronniemiller@outlook.com,348
563,Jessica Miller,jessicamiller@gmail.com,394
564,Adrian Gonzales,adriangonzales@hotmail.com,147
565,Justin King,justinking@gmail.com,239
566,Joseph Miller,josephmiller@hotmail.com,33
567,Mr. Brian Webb,mr.brianwebb@yahoo.com,547
568,Adam Nelson,adamnelson@yahoo.com,794
569,Gary Fleming,garyfleming@yahoo.com,874
570,Johnny Adkins,johnnyadkins@hotmail.com,563
571,Lindsey Ray,lindseyray@yahoo.com,712
572,Carrie Smith,carriesmith@gmail.com,679
573,Linda Bailey,lindabailey@outlook.com,929
574,Samantha Myers,samanthamyers@outlook.com,591
575,Lawrence Ward MD,lawrencewardmd@gmail.com,98
576,Willie Castro,williecastro@outlook.com,32
577,Kerry Bush,kerrybush@yahoo.com,269
578,Kristin Cook,kristincook@outlook.com,75
579,Erin Singh,,127
580,Richard Peterson,richardpeterson@gmail.com,437
581,Linda Davis,,721
582,Karla Miller,karlamiller@hotmail.com,474
583,Ashley English,ashleyenglish@yahoo.com,988
584,Christina Parsons,christinaparsons@gmail.com,871
585,Christina Wilson,christinawilson@yahoo.com,116
586,Christina Dixon,christinadixon@gmail.com,630
587,Katherine Brown,katherinebrown@gmail.com,311
588,Jeffrey Jones,jeffreyjones@gmail.com,374
589,Michelle Wolfe,michellewolfe@yahoo.com,377
590,Eric Hughes,erichughes@gmail.com,116
591,Renee Price,reneeprice@outlook.com,331
592,Jennifer Brown,jenniferbrown@hotmail.com,839
593,Kellie Noble,kellienoble@outlook.com,855
594,Shari Johnston,,502
595,Kenneth Mathis,kennethmathis@gmail.com,877
596,Kevin Smith,kevinsmith@gmail.com,400
597,Julia Hill,juliahill@outlook.com,903
598,Erika Willis,erikawillis@yahoo.com,740
599,Samantha Davis,samanthadavis@yahoo.com,824
600,Steven Huff,stevenhuff@hotmail.com,731
601,Stanley Vasquez Jr.,stanleyvasquezjr.@hotmail.com,15
602,Erin Lewis,erinlewis@gmail.com,180
603,Ronald Brown,ronaldbrown@outlook.com,992
604,Carrie Abbott,carrieabbott@gmail.com,534
605,Karen Medina,karenmedina@gmail.com,332
606,Thomas Mcbride,thomasmcbride@outlook.com,314
607,Becky Lopez,beckylopez@hotmail.com,943
608,Andrea Hinton,andreahinton@outlook.com,107
609,Henry Butler,henrybutler@gmail.com,621
610,Scott Phillips,scottphillips@outlook.com,948
611,Monica Diaz,monicadiaz@gmail.com,738
612,Scott Brown,scottbrown@hotmail.com,17
613,Alexandra Smith,alexandrasmith@outlook.com,146
614,Beth Zimmerman,bethzimmerman@outlook.com,891
615,Cynthia Garcia,cynthiagarcia@hotmail.com,680
616,Beth Chavez,bethchavez@hotmail.com,685
617,Terry Villa,terryvilla@gmail.com,232
618,Theodore Ramsey,theodoreramsey@outlook.com,781
619,Mitchell Orozco,mitchellorozco@gmail.com,708
620,Heather Moreno,heathermoreno@outlook.com,510
621,John Burgess,johnburgess@yahoo.com,546
622,Andrew Brown,andrewbrown@yahoo.com,297
623,Adam Nguyen,adamnguyen@yahoo.com,752
624,Dr. Jeremy Ford,dr.jeremyford@hotmail.com,804
625,Anna Sullivan,annasullivan@yahoo.com,896
626,Krista Norman,kristanorman@yahoo.com,360
627,Michelle Becker,michellebecker@hotmail.com,816
628,Michael Moore,michaelmoore@outlook.com,556
629,Lisa Thompson,lisathompson@gmail.com,491
630,Anthony Bradley,anthonybradley@outlook.com,594
631,Tyler Young,tyleryoung@gmail.com,46
632,John Lewis,johnlewis@gmail.com,562
633,Dylan Davis,dylandavis@gmail.com,316
634,Jamie Perkins,jamieperkins@hotmail.com,209
635,Carol Wong,carolwong@gmail.com,42
636,Alexander Morris,alexandermorris@outlook.com,804
637,Mark Rollins,markrollins@gmail.com,954
638,Nathaniel Lee,nathaniellee@yahoo.com,595
639,Kimberly Peters,kimberlypeters@hotmail.com,988
640,Chad Erickson,chaderickson@gmail.com,19
641,Yvonne Eaton,yvonneeaton@hotmail.com,933
642,Tyler Davis,tylerdavis@gmail.com,732
643,Mrs. Kristen Rollins,mrs.kristenrollins@gmail.com,56
644,Tiffany Brown,tiffanybrown@outlook.com,6
645,Mr. Stephen Watson,mr.stephenwatson@outlook.com,315
646,Nancy Jackson,nancyjackson@outlook.com,239
647,Andrea Larsen,andrealarsen@yahoo.com,140
648,Frank Long,franklong@outlook.com,877
649,David King,davidking@yahoo.com,169
650,Tammy Davidson,tammydavidson@outlook.com,953
651,Wendy Miller,wendymiller@yahoo.com,742
652,Erik Lewis,eriklewis@hotmail.com,869
653,Mark Jackson,markjackson@yahoo.com,461
654,Shelby Moreno,shelbymoreno@gmail.com,385
655,Tracie Gross DDS,traciegrossdds@gmail.com,607
656,Leroy Bryant,leroybryant@gmail.com,844
657,Deborah Delacruz,deborahdelacruz@outlook.com,541
658,Todd Davis,todddavis@gmail.com,942
659,Kristen Johnson,kristenjohnson@hotmail.com,91
660,Matthew Diaz,matthewdiaz@hotmail.com,482
661,Bradley Walter,bradleywalter@gmail.com,569
662,Teresa Doyle,teresadoyle@outlook.com,18
663,Kaitlin Estes,kaitlinestes@outlook.com,212
664,Tyler Sherman,tylersherman@yahoo.com,201
665,Jacob Sanchez,jacobsanchez@gmail.com,161
666,Meredith Castro,meredithcastro@hotmail.com,759
667,Olivia Cameron,oliviacameron@hotmail.com,68
668,Joshua Davis,joshuadavis@gmail.com,323
669,Jason Grant,jasongrant@gmail.com,603
670,Jennifer Wilson,jenniferwilson@yahoo.com,107
671,Benjamin Travis,benjamintravis@gmail.com,688
672,Melissa Smith,melissasmith@hotmail.com,184
673,Scott Mcmahon,scottmcmahon@hotmail.com,149
674,Nancy Williams,nancywilliams@hotmail.com,150
675,Brandon Hicks,brandonhicks@hotmail.com,140
676,Harold Roberts,haroldroberts@hotmail.com,546
677,Kayla Allen,kaylaallen@yahoo.com,780
678,Tracie Ware,tracieware@hotmail.com,735
679,Jacob Lawrence,jacoblawrence@outlook.com,304
680,Chelsea Thompson,chelseathompson@hotmail.com,553
681,Brianna Huffman,briannahuffman@outlook.com,221
682,Robert Dunn,robertdunn@outlook.com,951
683,Paul Wise,paulwise@outlook.com,8
684,Rodney Jones,rodneyjones@hotmail.com,893
685,Adam Rodriguez,adamrodriguez@hotmail.com,143
686,Evan Ramos,evanramos@yahoo.com,986
687,Tracy Oliver,tracyoliver@outlook.com,444
688,William Scott,williamscott@outlook.com,514
689,Mariah Williams,mariahwilliams@outlook.com,581
690,Nicole Foster,nicolefoster@yahoo.com,614
691,Carl Warren,carlwarren@outlook.com,730
692,Lisa Hughes,,767
693,Eric Gibbs,ericgibbs@hotmail.com,174
694,Austin Ayala,austinayala@hotmail.com,103
695,Drew Anderson,drewanderson@yahoo.com,411
696,David Diaz Jr.,daviddiazjr.@outlook.com,407
697,Taylor Fisher,taylorfisher@outlook.com,112
698,Amy Boyle,amyboyle@hotmail.com,835
699,Sarah Navarro,sarahnavarro@gmail.com,437
700,Maureen Aguirre,maureenaguirre@yahoo.com,366
701,Donna Meyer,donnameyer@hotmail.com,553
702,Mary Arias,maryarias@gmail.com,779
703,Victoria Johnson,victoriajohnson@gmail.com,960
704,Melinda Pena,melindapena@gmail.com,872
705,Tonya Montoya,tonyamontoya@hotmail.com,450
706,Michael Mendez,michaelmendez@gmail.com,354
707,Sarah Banks,sarahbanks@hotmail.com,434
708,Lori Mccullough,lorimccullough@hotmail.com,745
709,Billy Perez,billyperez@outlook.com,590
710,Mrs. Andrea Schultz,mrs.andreaschultz@gmail.com,369
711,Christina Krause,,960
712,Raymond Jackson,raymondjackson@outlook.com,887
713,Michael Hull,michaelhull@outlook.com,51
714,Yolanda Bishop,yolandabishop@yahoo.com,337
715,Juan Walker,juanwalker@outlook.com,432
716,Angelica Wilson,angelicawilson@gmail.com,305
717,Brenda Acosta,brendaacosta@hotmail.com,475
718,Shawna Norris,shawnanorris@hotmail.com,983
719,Lynn Bell,lynnbell@gmail.com,877
720,Leslie Wright,lesliewright@yahoo.com,549
721,Ryan Taylor,ryantaylor@yahoo.com,716
722,Kathryn Castaneda,kathryncastaneda@yahoo.com,685
723,Henry Williams,,94
724,Susan Hill,susanhill@gmail.com,871
725,Catherine Mckinney,catherinemckinney@gmail.com,529
726,Christopher Alvarado,christopheralvarado@hotmail.com,555
727,James Williams,jameswilliams@hotmail.com,395
728,Juan Schmidt,juanschmidt@hotmail.com,361
729,Megan Smith,megansmith@outlook.com,304
730,Nathan West,nathanwest@outlook.com,90
731,Daniel Howell,danielhowell@hotmail.com,670
732,Robert Ward,robertward@hotmail.com,325
733,Joseph Johnson,josephjohnson@gmail.com,323
734,Robert Bradshaw DDS,robertbradshawdds@outlook.com,37
735,Ashley Parks,ashleyparks@outlook.com,526
736,Jeffrey Huff,jeffreyhuff@hotmail.com,329
737,Jessica Branch,jessicabranch@yahoo.com,339
738,Beverly Moody,beverlymoody@gmail.com,358
739,Amanda Pruitt,,231
740,Ronald Watson,ronaldwatson@outlook.com,821
741,Sharon Jenkins,,595
742,Katrina Little,katrinalittle@yahoo.com,49
743,Daniel Ray,danielray@outlook.com,746
744,Kristin Watkins,kristinwatkins@hotmail.com,516
745,Kevin Rodriguez,kevinrodriguez@outlook.com,6
746,Jessica Day,jessicaday@outlook.com,91
747,Adrienne Mason,adriennemason@hotmail.com,760
748,Christopher Miller,christophermiller@gmail.com,891
749,Robin Winters,robinwinters@yahoo.com,770
750,Amy Mclaughlin,amymclaughlin@hotmail.com,992
751,Jonathan Brooks,jonathanbrooks@gmail.com,204
752,Vanessa Oconnor,vanessaoconnor@outlook.com,72
753,Courtney Foster,courtneyfoster@hotmail.com,700
754,Ruben Williams,rubenwilliams@hotmail.com,922
755,Jaclyn Smith,jaclynsmith@yahoo.com,298
756,Heather Wilson,heatherwilson@outlook.com,666
757,Tonya Scott,tonyascott@yahoo.com,932
758,Ashley Carter,ashleycarter@hotmail.com,330
759,Virginia Wright,virginiawright@yahoo.com,105
760,Rachel Bonilla,rachelbonilla@outlook.com,910
761,Ronald Bowman,ronaldbowman@yahoo.com,759
762,Jacob Wheeler,jacobwheeler@yahoo.com,477
763,Steven Ramirez,stevenramirez@yahoo.com,448
764,Steven Jones,stevenjones@outlook.com,549
765,John Burke,johnburke@outlook.com,89
766,Gabrielle Scott,gabriellescott@yahoo.com,184
767,Christopher Jones,christopherjones@gmail.com,797
768,Alicia Smith,aliciasmith@yahoo.com,509
769,Brett Zavala,brettzavala@gmail.com,413
770,Brett Campbell,brettcampbell@yahoo.com,945
771,Eric Baker,ericbaker@hotmail.com,602
772,Mark Johnson,markjohnson@outlook.com,48
773,Joseph Marshall,josephmarshall@gmail.com,49
774,Darren Bell,darrenbell@gmail.com,33
775,Jasmine Mejia,jasminemejia@hotmail.com,671
776,Kyle Garner,kylegarner@yahoo.com,815
777,Melanie Rice,melanierice@gmail.com,106
778,Brian Davenport,briandavenport@hotmail.com,426
779,Brandon Hartman,brandonhartman@yahoo.com,849
780,Dana Carey,danacarey@yahoo.com,365
781,Claudia Miller,claudiamiller@yahoo.com,742
782,Michelle Jacobs,michellejacobs@gmail.com,153
783,Jordan Rodriguez DVM,jordanrodriguezdvm@yahoo.com,286
784,Kim White,kimwhite@hotmail.com,447
785,Amanda Lopez,amandalopez@outlook.com,355
786,Anne Navarro,annenavarro@outlook.com,330
787,Christopher Cochran,christophercochran@hotmail.com,526
788,Hannah Larson,hannahlarson@gmail.com,381
789,Tamara Davis,tamaradavis@gmail.com,453
790,Nicholas Taylor,nicholastaylor@outlook.com,228
791,Jacqueline Lopez,jacquelinelopez@yahoo.com,668
792,Chelsea Summers,chelseasummers@gmail.com,750
793,Paul Hill,paulhill@hotmail.com,887
794,Daniel Lambert,daniellambert@hotmail.com,837
795,Alicia Robinson,aliciarobinson@yahoo.com,262
796,Taylor Willis,taylorwillis@yahoo.com,798
797,Mercedes Malone,mercedesmalone@outlook.com,39
798,James Rose,jamesrose@gmail.com,299
799,Barbara Hill,barbarahill@hotmail.com,966
800,Jose Dennis,josedennis@outlook.com,308
801,Emily Brown,emilybrown@hotmail.com,599
802,Tyler Thomas,tylerthomas@hotmail.com,343
803,Jo Scott,joscott@outlook.com,659
804,Summer Russell,summerrussell@yahoo.com,715
805,Katherine Noble,katherinenoble@outlook.com,428
806,Gary Jones,garyjones@outlook.com,28
807,Michael Hines,michaelhines@gmail.com,743
808,Mark Brown,markbrown@yahoo.com,146
809,Charles Hendricks,charleshendricks@outlook.com,657
810,David Wiggins,davidwiggins@hotmail.com,94
811,Mark Gonzalez,markgonzalez@hotmail.com,604
812,Bryan Mckinney,bryanmckinney@outlook.com,621
813,Melissa Ross,melissaross@hotmail.com,110
814,Ashley Davis,,90
815,Amy Nichols,amynichols@outlook.com,365
816,Fernando Coleman,,338
817,Joseph Jones,,795
818,Joyce Johnson,joycejohnson@gmail.com,324
819,Gwendolyn Johnson,gwendolynjohnson@hotmail.com,113
820,Larry Brown,larrybrown@hotmail.com,79
821,Calvin Jones,calvinjones@gmail.com,940
822,Laura Riley,laurariley@yahoo.com,343
823,Shelley Green DVM,shelleygreendvm@gmail.com,482
824,Bruce Ingram,bruceingram@hotmail.com,767
825,Denise Young,,871
826,David Robinson,davidrobinson@gmail.com,785
827,Beth Lloyd,bethlloyd@gmail.com,2
828,Elizabeth Rowland,elizabethrowland@outlook.com,696
829,Connor Berry,connorberry@outlook.com,541
830,Alice Gilmore,alicegilmore@hotmail.com,9
831,Robert Stewart,robertstewart@gmail.com,13
832,Lisa Jones,lisajones@gmail.com,248
833,Nicholas Daugherty,nicholasdaugherty@outlook.com,684
834,Kathleen Sutton,kathleensutton@gmail.com,931
835,Michael Sanford,michaelsanford@gmail.com,491
836,Maria Flowers,mariaflowers@yahoo.com,982
837,Todd Brown,toddbrown@gmail.com,312
838,Lisa Freeman,lisafreeman@gmail.com,892
839,Ms. Heidi Lucas,ms.heidilucas@gmail.com,731
840,Michael Harmon,michaelharmon@hotmail.com,320
841,Margaret Villa,margaretvilla@hotmail.com,719
842,John Garza,johngarza@gmail.com,157
843,Candace Smith,,671
844,Emily Burns,,784
845,Brandi Yates,brandiyates@gmail.com,600
846,Michelle Jones,michellejones@yahoo.com,801
847,Kelli Cook,kellicook@outlook.com,195
848,Rhonda White,rhondawhite@hotmail.com,761
849,Marvin Smith,marvinsmith@hotmail.com,381
850,Daniel Burns,danielburns@gmail.com,630
851,Duane Hill,duanehill@hotmail.com,401
852,Dr. Wendy Reyes,dr.wendyreyes@outlook.com,266
853,William Hunt,williamhunt@hotmail.com,854
854,Brenda White,brendawhite@outlook.com,936
855,Justin Kelly,justinkelly@outlook.com,67
856,Molly Aguirre,mollyaguirre@gmail.com,300
857,Andrew Foley,andrewfoley@yahoo.com,611
858,Matthew Soto MD,matthewsotomd@hotmail.com,266
859,Maria Henderson,mariahenderson@hotmail.com,867
860,Thomas Johnson,thomasjohnson@hotmail.com,186
861,Darryl Berger,darrylberger@outlook.com,835
862,Jill Everett,jilleverett@outlook.com,596
863,Teresa Cruz,teresacruz@yahoo.com,201
864,Patricia Walton,patriciawalton@outlook.com,308
865,Joyce French,joycefrench@gmail.com,697
866,Jesse Page,jessepage@hotmail.com,45
867,Brandon Hanson,brandonhanson@outlook.com,399
868,Matthew Campos,matthewcampos@yahoo.com,732
869,Brooke Gamble,brookegamble@yahoo.com,58
870,Kimberly Harper,kimberlyharper@hotmail.com,534
871,Robert Johnson,robertjohnson@gmail.com,621
872,Wesley Phillips,wesleyphillips@hotmail.com,826
873,David Robles,davidrobles@hotmail.com,487
874,Richard Hart,richardhart@hotmail.com,4
875,Breanna Baker,breannabaker@yahoo.com,534
876,James Black,,127
877,Elizabeth Wagner,,832
878,Dana Wilson,danawilson@outlook.com,66
879,Brian Anderson,briananderson@outlook.com,214
880,Leslie Garcia,,761
881,Marc Beard,marcbeard@yahoo.com,159
882,Rodney Garcia,rodneygarcia@hotmail.com,272
883,Tyler Brown,tylerbrown@yahoo.com,528
884,Ricky Curry,rickycurry@hotmail.com,348
885,Tina Smith,tinasmith@outlook.com,59
886,Traci Young,traciyoung@yahoo.com,469
887,Arthur Dawson,arthurdawson@yahoo.com,129
888,Brad Mcconnell,bradmcconnell@outlook.com,567
889,Dr. Ashley Daugherty,dr.ashleydaugherty@yahoo.com,621
890,Lisa Singh,lisasingh@outlook.com,471
891,Alexander Lucero,alexanderlucero@hotmail.com,755
892,Megan Turner,meganturner@yahoo.com,870
893,Mr. Thomas Pacheco,mr.thomaspacheco@outlook.com,868
894,John Williams,johnwilliams@gmail.com,699
895,Crystal Stewart,crystalstewart@hotmail.com,854
896,Marie Anderson,marieanderson@outlook.com,216
897,Gregory Miller,gregorymiller@outlook.com,508
898,Wanda Thomas,wandathomas@hotmail.com,783
899,Charles Shelton,charlesshelton@yahoo.com,346
900,Nicole Hartman,nicolehartman@gmail.com,925
901,Kathleen Brewer,kathleenbrewer@hotmail.com,758
902,Dakota Richard,dakotarichard@gmail.com,542
903,Phyllis Martinez,,864
904,Rachel Jackson,racheljackson@outlook.com,198
905,Amanda Hammond,amandahammond@outlook.com,538
906,Patricia Cook,patriciacook@yahoo.com,37
907,Eric Matthews,ericmatthews@yahoo.com,456
908,Andrew Pollard,andrewpollard@outlook.com,635
909,Jordan Luna,jordanluna@hotmail.com,549
910,Wendy Hoover,wendyhoover@gmail.com,289
911,Madison Decker,madisondecker@gmail.com,238
912,Amber Richards,amberrichards@gmail.com,42
913,Mary Brooks,marybrooks@gmail.com,896
914,Matthew Brooks,matthewbrooks@yahoo.com,48
915,John Walker,johnwalker@yahoo.com,668
916,Rebecca Rios,rebeccarios@outlook.com,400
917,Martha Boyd,marthaboyd@outlook.com,959
918,Gabriel Scott,gabrielscott@hotmail.com,532
919,Tasha Castro,tashacastro@outlook.com,412
920,Henry Ramirez,henryramirez@outlook.com,136
921,Aaron Calhoun,aaroncalhoun@yahoo.com,253
922,Whitney Manning,whitneymanning@hotmail.com,463
923,Stephanie Rangel,stephanierangel@gmail.com,514
924,Rachel Curtis,rachelcurtis@yahoo.com,327
925,Lucas Vega,lucasvega@outlook.com,716
926,Jocelyn Miller,jocelynmiller@outlook.com,853
927,Eric Reed,ericreed@outlook.com,416
928,Carrie White,carriewhite@yahoo.com,654
929,Jon Green,jongreen@outlook.com,34
930,Jessica Harmon,jessicaharmon@hotmail.com,964
931,Kimberly Marsh,kimberlymarsh@hotmail.com,757
932,Kelly Rose,kellyrose@yahoo.com,91
933,Jessica Porter,jessicaporter@yahoo.com,891
934,Corey Long,coreylong@gmail.com,640
935,Allen Johnston,allenjohnston@hotmail.com,846
936,Richard Lynch,richardlynch@hotmail.com,492
937,William Small,williamsmall@outlook.com,718
938,Elizabeth Chapman,elizabethchapman@hotmail.com,47
939,Jade Herrera,jadeherrera@yahoo.com,736
940,Catherine Ortiz,catherineortiz@hotmail.com,497
941,Rebecca Booker,rebeccabooker@yahoo.com,858
942,Nicholas Henry,nicholashenry@outlook.com,906
943,Jill Goodman,jillgoodman@gmail.com,24
944,Julie Hester MD,juliehestermd@yahoo.com,655
945,Dennis Madden,dennismadden@gmail.com,180
946,Stephen Valentine,stephenvalentine@gmail.com,35
947,Dr. Johnny Maldonado,dr.johnnymaldonado@hotmail.com,918
948,Derek Mathis,,940
949,John Malone,johnmalone@outlook.com,321
950,Heidi Price,heidiprice@yahoo.com,857
951,Andrew Thompson,,558
952,Douglas Hess,douglashess@gmail.com,686
953,Manuel Brown,manuelbrown@yahoo.com,326
954,Dr. Michele Bell MD,dr.michelebellmd@outlook.com,532
955,Gregory Cook,gregorycook@yahoo.com,278
956,Elizabeth Butler,elizabethbutler@outlook.com,166
957,Jeffrey Estrada,jeffreyestrada@outlook.com,689
958,Cody Powell,,457
959,Kimberly Peterson,kimberlypeterson@gmail.com,531
960,Michael Green,michaelgreen@gmail.com,221
961,Bradley Miller,bradleymiller@hotmail.com,916
962,Ashley Bell,ashleybell@outlook.com,931
963,John Burke,johnburke@yahoo.com,633
964,Matthew Martinez,matthewmartinez@yahoo.com,133
965,Dennis Farrell,dennisfarrell@gmail.com,497
966,Tiffany Thompson,tiffanythompson@hotmail.com,315
967,William Ortiz,williamortiz@gmail.com,385
968,Mr. Richard Kelly,mr.richardkelly@gmail.com,935
969,Scott Young,,23
970,Stephanie Miller,stephaniemiller@outlook.com,564
971,Amber Lozano,amberlozano@yahoo.com,768
972,Jonathan Roberts,jonathanroberts@outlook.com,555
973,Patrick Brown,patrickbrown@outlook.com,427
974,Darryl Cruz,darrylcruz@outlook.com,765
975,Angel Brady,angelbrady@hotmail.com,220
976,Dr. Jennifer Wise,dr.jenniferwise@outlook.com,370
977,Michelle Sutton,michellesutton@hotmail.com,326
978,Elizabeth Dixon,elizabethdixon@gmail.com,620
979,Tammy Fisher,tammyfisher@hotmail.com,531
980,Michelle Hartman,michellehartman@outlook.com,150
981,Jonathan Steele,jonathansteele@gmail.com,777
982,Christopher Nguyen,christophernguyen@yahoo.com,509
983,Steven Reynolds,stevenreynolds@yahoo.com,17
984,Heather Edwards,heatheredwards@yahoo.com,444
985,Veronica Johns,veronicajohns@hotmail.com,195
986,Mr. Brian Brown PhD,,446
987,Nancy Dickerson,nancydickerson@outlook.com,521
988,Michael Holmes,michaelholmes@hotmail.com,805
989,Michael Rosario,michaelrosario@outlook.com,397
990,Gregg Harrison,greggharrison@outlook.com,371
991,Joshua Martin,joshuamartin@yahoo.com,576
992,Justin Baker,justinbaker@outlook.com,258
993,Darrell Walters,darrellwalters@outlook.com,68
994,Jennifer Larson,jenniferlarson@gmail.com,917
995,Emily Bolton,emilybolton@gmail.com,546
996,Rachel Soto,rachelsoto@gmail.com,635
997,Latoya Moore,latoyamoore@hotmail.com,863
998,Ruben Miller,rubenmiller@outlook.com,903
999,Laura Chaney,laurachaney@outlook.com,955
1000,Molly Miranda,mollymiranda@outlook.com,894
511,Thomas Burns,,693
815,Amy Nichols,amynichols@outlook.com,365
728,Juan Schmidt,juanschmidt@hotmail.com,361
120,Tammy Rogers,tammyrogers@yahoo.com,775
31,Charles Garcia,charlesgarcia@yahoo.com,462
642,Tyler Davis,tylerdavis@gmail.com,732
696,David Diaz Jr.,daviddiazjr.@outlook.com,407
310,David Martin,davidmartin@outlook.com,556
735,Ashley Parks,ashleyparks@outlook.com,526
730,Nathan West,nathanwest@outlook.com,90
147,Ronnie Warren,ronniewarren@outlook.com,824
733,Joseph Johnson,josephjohnson@gmail.com,323
422,Edwin Franklin,edwinfranklin@hotmail.com,224
498,Anthony Lee,anthonylee@outlook.com,585
990,Gregg Harrison,greggharrison@outlook.com,371
136,Felicia Baker,feliciabaker@outlook.com,670
500,Jonathan White,jonathanwhite@outlook.com,768
544,Jason Porter,jasonporter@hotmail.com,277
37,Whitney Steele,whitneysteele@gmail.com,613
496,Laura Davis,lauradavis@outlook.com,703
373,Mrs. Kathleen Jefferson,mrs.kathleenjefferson@yahoo.com,517
505,Jasmine Knight,jasmineknight@yahoo.com,419
313,Mary Williams DVM,marywilliamsdvm@gmail.com,424
74,Adrian Cain,adriancain@outlook.com,516
906,Patricia Cook,patriciacook@yahoo.com,37
569,Gary Fleming,garyfleming@yahoo.com,874
314,Daniel Cardenas,danielcardenas@yahoo.com,234
64,Jamie Weaver,jamieweaver@outlook.com,312
300,Michael Woodard,michaelwoodard@hotmail.com,694
84,Jessica Shelton,jessicashelton@gmail.com,520
181,John Guzman,johnguzman@outlook.com,346
149,Luis Allen,luisallen@outlook.com,999
411,Matthew Pham,matthewpham@outlook.com,306
898,Wanda Thomas,wandathomas@hotmail.com,783
341,Hunter Sanchez,huntersanchez@outlook.com,111
861,Darryl Berger,darrylberger@outlook.com,835
521,Maria Trevino,mariatrevino@outlook.com,236
790,Nicholas Taylor,nicholastaylor@outlook.com,228
732,Robert Ward,robertward@hotmail.com,325
941,Rebecca Booker,rebeccabooker@yahoo.com,858
325,Tara Dawson,taradawson@gmail.com,912
269,Jenna Moore,jennamoore@yahoo.com,676
454,Terry Edwards,terryedwards@gmail.com,943
589,Michelle Wolfe,michellewolfe@yahoo.com,377
244,Steven Mendoza,stevenmendoza@gmail.com,122
398,Rebecca Davis,rebeccadavis@hotmail.com,342
170,Jenna Esparza,jennaesparza@hotmail.com,295
109,Emily Graham,emilygraham@gmail.com,454
973,Patrick Brown,patrickbrown@outlook.com,427
18,Kimberly House,kimberlyhouse@gmail.com,615
